<?xml version="1.0" encoding="UTF-8"?>
<feature
      id="org.lejos.ldt"
      label="%featureName"
      version="1.2.0"
      provider-name="%providerName"
      image="eclipse_update_120.jpg">

   <description>
      %description
   </description>

   <copyright>
      %copyright
   </copyright>

   <license url="%licenseURL">
      %license
   </license>

   <url>
      <update label="%updateSiteName" url="http://lejos.sourceforge.net/ldt/update"/>
   </url>

   <requires>
      <import plugin="org.junit"/>
      <import plugin="org.eclipse.core.runtime"/>
      <import plugin="org.eclipse.ui.ide"/>
      <import plugin="org.eclipse.ui.views"/>
      <import plugin="org.eclipse.jface.text"/>
      <import plugin="org.eclipse.ui.workbench.texteditor"/>
      <import plugin="org.eclipse.ui.editors"/>
      <import plugin="org.eclipse.core.resources"/>
      <import plugin="org.eclipse.ui"/>
      <import plugin="org.eclipse.jdt.core"/>
      <import plugin="org.eclipse.jdt.launching"/>
      <import plugin="org.eclipse.jdt.ui"/>
      <import plugin="org.eclipse.debug.core"/>
      <import plugin="org.eclipse.debug.ui"/>
      <import plugin="org.eclipse.jdt.debug.ui"/>
      <import plugin="org.eclipse.jdt.debug"/>
      <import plugin="org.eclipse.jdt.junit"/>
      <import plugin="org.eclipse.jdt.junit.runtime"/>
      <import plugin="org.eclipse.help"/>
   </requires>

   <plugin
         id="org.lejos.tools"
         download-size="0"
         install-size="0"
         version="1.2.0"/>

   <plugin
         id="org.lejos.ldt.core"
         download-size="0"
         install-size="0"
         version="1.2.0"/>

   <plugin
         id="org.lejos"
         download-size="0"
         install-size="0"
         version="2.1.0"/>

</feature>
