<?xml version="1.0" encoding="UTF-8"?>

<project>
  <extend>../project.xml</extend>
  <id>commons-cli</id>
  <name>CLI</name>

  <currentVersion>1.0</currentVersion>
  <inceptionYear>2002</inceptionYear>
  <shortDescription>Commons CLI</shortDescription>
  <gumpRepositoryId>jakarta</gumpRepositoryId>
  <logo>/images/1x1.gif</logo>
  
  <description>
  	Commons CLI provides a simple API for working with the command line arguments and options.
  </description>
  
  <developers>
    <developer>
      <name>James Strachan</name>
      <id>jstrachan</id>
      <email>jstrachan@apache.org</email>
      <organization>SpiritSoft, Inc.</organization>
    </developer>
    <developer>
      <name>bob mcwhirter</name>
      <id>bob</id>
      <email>bob@werken.com</email>
      <organization>Werken</organization>
    </developer>
    <developer>
      <name>John Keyes</name>
      <id>jkeyes</id>
      <email>jbjk@mac.com</email>
      <organization>integral Source</organization>
    </developer>
  </developers>

  <contributors>
    <!-- Helped in merging Avalon CLI -->
    <contributor>
      <name>Berin Loritsch</name>
      <email>bloritsch@apache.org</email>
      <id>bloritsch</id>
      <roles>
        <role>helped in the Avalon CLI merge</role>
      </roles>
    </contributor>
    <!-- Supplied patch -->
    <contributor>
      <name>Peter Maddocks</name>
      <email>peter_maddocks@hp.com</email>
      <organization>Hewlett-Packard</organization>
      <roles>
        <role>supplied patch</role>
      </roles>
    </contributor>
  </contributors>

  <dependencies>
    
    <dependency>
      <id>commons-logging</id>
      <version>1.0</version>
    </dependency>
    
    <dependency>
      <id>commons-lang</id>
      <version>1.0</version>
    </dependency>
  
    <dependency>
      <id>junit</id>
      <version>3.7</version>
    </dependency>
  
  </dependencies>
  
  <build>
    <!-- Unit test classes -->
    <unitTest>
      <includes>
        <include>**/*Test*.java</include>
      </includes>
    </unitTest>
  </build>
</project>
